,ResponseId,frame,scenario_mapped,option_selected,rating,rating_num,rationale,age,age_grouped,gender,gender_grouped,ethnicity,ethnicity_grouped,education,continent_grouped,ADP_familiar,student,scenario_clean,option_selected_B,option_selected_A,frame_gain,frame_loss,scenario_clean_cat,reversed_rating_num,scenario_clean2,scenario_clean3,scenario_for,scenario_an,scenario_hum,ADP_No,ADP_Yes
0,R_NVdvtmfjOpqbjt7,Gain,animals_gain,Proposal A,2: Preference for Proposal A,2,fgfd,35 - 44 years old,35+,Male,Male,White or Caucasian,White or Caucasian,Associates or technical degree,Other / Not Provided,,No,animals,0,1,1,0,0,6,animals,animals,1,0,2,,
1,R_1PdD5x1QaR96ry5,Loss,animals_loss,Proposal A,2: Preference for Proposal A,2,I'm not good with maths and I don't like gambling. 1/3 guaranteed alive animals is better than the 2/3 gamble that all of them die.,45 - 54 years old,35+,Male,Male,White or Caucasian,White or Caucasian,Bachelor's degree,North America,,No,animals,0,1,0,1,0,6,animals,animals,1,0,2,,
2,R_2pQPkuWqwDFa4ht,Gain,forest_gain,Proposal B,5: Slight Preference for Proposal B,5,"Conserving 300 trees in the future will be more difficult. Next time, the compromise is going to be 100 trees. Then 30. ",35 - 44 years old,35+,Prefer to self-describe,Other / Prefer not to say,White or Caucasian,White or Caucasian,Bachelor's degree,Europe,,No,forest,1,0,1,0,1,3,forest,forest,0,2,1,,
3,R_3m4yc0cNJWvh3ay,Loss,humans_loss,Proposal B,6: Preference for Proposal B,6,I love me a good gamble. Best feeling in the world if you win. :),18 - 24 years old,18 - 24 years old,Male,Male,Asian,Asian,Completed high school / secondary school,Asia,No,Yes,humans,1,0,0,1,2,2,humans,humans,2,1,0,No,No
4,R_3jTgIu177nGiYJ2,Gain,humans_gain,Proposal A,2: Preference for Proposal A,2,Proposal A is guaranteed lives saved and B has a high chance of zero survival so I’m going for guaranteed lives ,35 - 44 years old,35+,Female,Female,White or Caucasian,White or Caucasian,Bachelor's degree,Europe,No,No,humans,0,1,1,0,2,6,humans,humans,2,1,0,No,No
6,R_3rqj1mPKRYbABzz,Loss,animals_loss,Proposal A,4: No Preference for Proposal A or B,4,,25 - 34 years old,25 - 34 years old,Male,Male,White or Caucasian,White or Caucasian,Completed high school / secondary school,North America,Yes,No,animals,0,1,0,1,0,4,animals,animals,1,0,2,Yes,Yes
7,R_x9sjTCDfAzRGF7b,Loss,forest_loss,Proposal A,3: Slight Preference for Propsal A,3,ugj,25 - 34 years old,25 - 34 years old,Male,Male,White or Caucasian,White or Caucasian,"Graduate or professional degree (MA, MS, MBA, PHd, JD, MD, etc.)",North America,Yes,No,forest,0,1,0,1,1,5,forest,forest,0,2,1,Yes,Yes
8,R_2aslBOe9982yOUw,Gain,animals_gain,Proposal B,4: No Preference for Proposal A or B,4,,25 - 34 years old,25 - 34 years old,Male,Male,White or Caucasian,White or Caucasian,Associates or technical degree,North America,Yes,No,animals,1,0,1,0,0,4,animals,animals,1,0,2,Yes,Yes
9,R_3fPK05wtfzgynpL,Gain,forest_gain,Proposal A,1: Strong Preference for Proposal A,1,Plan A is safer,35 - 44 years old,35+,Female,Female,White or Caucasian,White or Caucasian,Bachelor's degree,North America,No,No,forest,0,1,1,0,1,7,forest,forest,0,2,1,No,No
10,R_1inAAY1EjXY5uip,Loss,humans_loss,Proposal B,6: Preference for Proposal B,6,adasdad,25 - 34 years old,25 - 34 years old,Female,Female,White or Caucasian,White or Caucasian,Associates or technical degree,Other / Not Provided,Yes,No,humans,1,0,0,1,2,2,humans,humans,2,1,0,Yes,Yes
11,R_1rpFtYKkYSYlGuB,Gain,forest_gain,Proposal A,2: Preference for Proposal A,2,The probability that choice A is stable and choice B is 1/3 is not very high   ,25 - 34 years old,25 - 34 years old,Male,Male,White or Caucasian,White or Caucasian,Bachelor's degree,North America,Yes,No,forest,0,1,1,0,1,6,forest,forest,0,2,1,Yes,Yes
13,R_vYmkyLhPdtgZbBD,Loss,animals_loss,Proposal A,2: Preference for Proposal A,2,No room for error,25 - 34 years old,25 - 34 years old,Female,Female,White or Caucasian,White or Caucasian,Associates or technical degree,North America,Yes,No,animals,0,1,0,1,0,6,animals,animals,1,0,2,Yes,Yes
14,R_1ocIFtWgQEFTLfH,Gain,humans_gain,Proposal A,3: Slight Preference for Propsal A,3,"I don't like the idea of putting all 900 people's lives on the lives, I'd rather have 300 guaranteed lives safe.",18 - 24 years old,18 - 24 years old,Male,Male,White or Caucasian,White or Caucasian,Completed high school / secondary school,Other / Not Provided,No,Yes,humans,0,1,1,0,2,5,humans,humans,2,1,0,No,No
16,R_2zMWHKgL9aZY5R7,Gain,animals_gain,Proposal A,3: Slight Preference for Propsal A,3,Media coverage will probably be worse and the option as a whole would be less justifiable if it goes wrong,18 - 24 years old,18 - 24 years old,Non-binary / third gender,Other / Prefer not to say,White or Caucasian,White or Caucasian,Associates or technical degree,Europe,No,Yes,animals,0,1,1,0,0,5,animals,animals,1,0,2,No,No
17,R_1FbkLFluHgZjH4E,Gain,forest_gain,Proposal A,2: Preference for Proposal A,2,Plan a is safer,25 - 34 years old,25 - 34 years old,Female,Female,White or Caucasian,White or Caucasian,Bachelor's degree,North America,No,No,forest,0,1,1,0,1,6,forest,forest,0,2,1,No,No
19,R_2ttKqqTYt4nAUSi,Gain,humans_gain,Proposal B,5: Slight Preference for Proposal B,5,,25 - 34 years old,25 - 34 years old,Female,Female,Black/African/Caribbean,Black/African/Caribbean,Bachelor's degree,Europe,No,No,humans,1,0,1,0,2,3,humans,humans,2,1,0,No,No
20,R_3EbYbhaXKeC1ONH,Loss,humans_loss,Proposal B,6: Preference for Proposal B,6,"Life is bigger than days, there is a 1/3 chance to save everyone, and as government officials should mobilize all available resources to save more lives   ",25 - 34 years old,25 - 34 years old,Male,Male,White or Caucasian,White or Caucasian,Bachelor's degree,North America,Yes,No,humans,1,0,0,1,2,2,humans,humans,2,1,0,Yes,Yes
21,R_2uvO2kYP46HWVvF,Loss,forest_loss,Proposal A,4: No Preference for Proposal A or B,4,Both of them are really bad choices so I cannot have a preference ,25 - 34 years old,25 - 34 years old,Female,Female,White or Caucasian,White or Caucasian,Bachelor's degree,Europe,No,Yes,forest,0,1,0,1,1,4,forest,forest,0,2,1,No,No
22,R_WCpp7rA55qchy9j,Gain,forest_gain,Proposal A,4: No Preference for Proposal A or B,4,"If you choose A, you can guarantee the survival of 300 trees, and the probability of B being protected is less than the probability of being protected.",25 - 34 years old,25 - 34 years old,Male,Male,White or Caucasian,White or Caucasian,"Graduate or professional degree (MA, MS, MBA, PHd, JD, MD, etc.)",North America,Yes,Yes,forest,0,1,1,0,1,4,forest,forest,0,2,1,Yes,Yes
23,R_1gvGQNXJXRGA8Rp,Gain,humans_gain,Proposal B,4: No Preference for Proposal A or B,4,Choice B is like gambling. You have to lose,25 - 34 years old,25 - 34 years old,Female,Female,Asian,Asian,"Graduate or professional degree (MA, MS, MBA, PHd, JD, MD, etc.)",North America,Yes,Yes,humans,1,0,1,0,2,4,humans,humans,2,1,0,Yes,Yes
24,R_27jlcHjQmVhKcu5,Loss,humans_loss,Proposal B,6: Preference for Proposal B,6,Maybe fewer people will die this way,35 - 44 years old,35+,Male,Male,White or Caucasian,White or Caucasian,Bachelor's degree,Europe,No,No,humans,1,0,0,1,2,2,humans,humans,2,1,0,No,No
25,R_1doUBi5lYk0FilO,Loss,animals_loss,Proposal B,5: Slight Preference for Proposal B,5,A 1/3 chance,25 - 34 years old,25 - 34 years old,Male,Male,White or Caucasian,White or Caucasian,Bachelor's degree,North America,No,No,animals,1,0,0,1,0,3,animals,animals,1,0,2,No,No
27,R_3PiNmOxUIzuHLsE,Gain,animals_gain,Proposal A,3: Slight Preference for Propsal A,3,,35 - 44 years old,35+,Female,Female,White or Caucasian,White or Caucasian,Completed high school / secondary school,North America,Yes,No,animals,0,1,1,0,0,5,animals,animals,1,0,2,Yes,Yes
28,R_2SrGnQuDHgbX09H,Loss,animals_loss,Proposal B,5: Slight Preference for Proposal B,5," If you bet right, you can avoid ocean death.",25 - 34 years old,25 - 34 years old,Male,Male,White or Caucasian,White or Caucasian,Bachelor's degree,North America,Yes,No,animals,1,0,0,1,0,3,animals,animals,1,0,2,Yes,Yes
30,R_3iKHfbIOdJpvzqU,Gain,humans_gain,Proposal A,1: Strong Preference for Proposal A,1,Just because I can't gamble with 900 people's lives,25 - 34 years old,25 - 34 years old,Male,Male,White or Caucasian,White or Caucasian,Associates or technical degree,Europe,No,No,humans,0,1,1,0,2,7,humans,humans,2,1,0,No,No
31,R_2qrBYQ9zWp28yCu,Loss,forest_loss,Proposal A,2: Preference for Proposal A,2,空气污染严重,45 - 54 years old,35+,Male,Male,Asian,Asian,Bachelor's degree,Asia,Yes,No,forest,0,1,0,1,1,6,forest,forest,0,2,1,Yes,Yes
32,R_viW4qwRjlTUyksp,Gain,humans_gain,Proposal A,3: Slight Preference for Propsal A,3,污染严重,35 - 44 years old,35+,Female,Female,Asian,Asian,Bachelor's degree,Asia,Yes,No,humans,0,1,1,0,2,5,humans,humans,2,1,0,Yes,Yes
33,R_XMoLodj1bLLsM5r,Loss,humans_loss,Proposal B,5: Slight Preference for Proposal B,5,Preference refers to a concept in utility theory. It refers to the attitude of decision makers towards returns and risks. The degree to which the decision-maker has a strong preference for an option or outcome   ,25 - 34 years old,25 - 34 years old,Female,Female,Black/African/Caribbean,Black/African/Caribbean,"Graduate or professional degree (MA, MS, MBA, PHd, JD, MD, etc.)",Asia,Yes,Yes,humans,1,0,0,1,2,3,humans,humans,2,1,0,Yes,Yes
34,R_1FxodwWOgksSmfg,Loss,animals_loss,Proposal A,4: No Preference for Proposal A or B,4,Preference refers to a concept in utility theory. It refers to the attitude of decision makers towards returns and risks. The degree to which the decision-maker has a strong preference for an option or outcome   ,25 - 34 years old,25 - 34 years old,Female,Female,Asian,Asian,"Graduate or professional degree (MA, MS, MBA, PHd, JD, MD, etc.)",Asia,Yes,No,animals,0,1,0,1,0,4,animals,animals,1,0,2,Yes,Yes
35,R_pGhoEKhiwHyLeZX,Loss,forest_loss,Proposal B,4: No Preference for Proposal A or B,4,Preference refers to a concept in utility theory. It refers to the attitude of decision makers towards returns and risks. The degree to which the decision-maker has a strong preference for an option or outcome   ,35 - 44 years old,35+,Male,Male,White or Caucasian,White or Caucasian,"Graduate or professional degree (MA, MS, MBA, PHd, JD, MD, etc.)",Asia,Yes,Yes,forest,1,0,0,1,1,4,forest,forest,0,2,1,Yes,Yes
37,R_3fN6ejrc5Mzyx4p,Gain,forest_gain,Proposal A,3: Slight Preference for Propsal A,3,"I felt that ideally the less trees are left the more important it is to protect them, so while the best possible outcome is for all trees to survive, 300 is more than one third as good.",18 - 24 years old,18 - 24 years old,Male,Male,White or Caucasian,White or Caucasian,Bachelor's degree,Europe,No,Yes,forest,0,1,1,0,1,5,forest,forest,0,2,1,No,No
38,R_d4t4KzFDl27o8St,Loss,animals_loss,Proposal B,5: Slight Preference for Proposal B,5,find oneself,55 - 64 years old,35+,Female,Female,White or Caucasian,White or Caucasian,Bachelor's degree,North America,Yes,No,animals,1,0,0,1,0,3,animals,animals,1,0,2,Yes,Yes
40,R_2XmMgYHu6oTOR97,Loss,humans_loss,Proposal A,3: Slight Preference for Propsal A,3,"While both policies, on average, result in the same number of deaths, a straight reduction of deaths makes more sense for a one-time implementation of policy.",35 - 44 years old,35+,Male,Male,White or Caucasian,White or Caucasian,Bachelor's degree,North America,Yes,Yes,humans,0,1,0,1,2,5,humans,humans,2,1,0,Yes,Yes
41,R_2saOAfLuUzwLhW1,Gain,animals_gain,Proposal A,2: Preference for Proposal A,2,I would rather save 300 than possibly kill even more,25 - 34 years old,25 - 34 years old,Female,Female,White or Caucasian,White or Caucasian,Bachelor's degree,North America,No,No,animals,0,1,1,0,0,6,animals,animals,1,0,2,No,No
42,R_11bU0B0YHaj3uHN,Loss,animals_loss,Proposal A,3: Slight Preference for Propsal A,3,The risk of Plan A is lower,25 - 34 years old,25 - 34 years old,Male,Male,White or Caucasian,White or Caucasian,Bachelor's degree,North America,Yes,Yes,animals,0,1,0,1,0,5,animals,animals,1,0,2,Yes,Yes
43,R_1mmgInLRnn7YTMC,Gain,animals_gain,Proposal A,3: Slight Preference for Propsal A,3,There are animals that will survive much better than Plan two,25 - 34 years old,25 - 34 years old,Male,Male,White or Caucasian,White or Caucasian,Associates or technical degree,Europe,Yes,Yes,animals,0,1,1,0,0,5,animals,animals,1,0,2,Yes,Yes
44,R_1gO3GfjzD48jXJw,Loss,humans_loss,Proposal A,3: Slight Preference for Propsal A,3,,25 - 34 years old,25 - 34 years old,Male,Male,White or Caucasian,White or Caucasian,Completed high school / secondary school,North America,Yes,No,humans,0,1,0,1,2,5,humans,humans,2,1,0,Yes,Yes
45,R_2Slx3aGJLY67HV7,Gain,animals_gain,Proposal A,1: Strong Preference for Proposal A,1,Protect animal life,25 - 34 years old,25 - 34 years old,Female,Female,White or Caucasian,White or Caucasian,"Graduate or professional degree (MA, MS, MBA, PHd, JD, MD, etc.)",Asia,Yes,Yes,animals,0,1,1,0,0,7,animals,animals,1,0,2,Yes,Yes
46,R_2axBKeXirx08fEl,Gain,humans_gain,Proposal A,4: No Preference for Proposal A or B,4,e the rationale for your preference rating,18 - 24 years old,18 - 24 years old,Female,Female,Black/African/Caribbean,Black/African/Caribbean,Associates or technical degree,Other / Not Provided,Yes,Yes,humans,0,1,1,0,2,4,humans,humans,2,1,0,Yes,Yes
47,R_2V2Q3fNGxLv0XzT,Loss,forest_loss,Proposal A,2: Preference for Proposal A,2,Proposition A Insurance,25 - 34 years old,25 - 34 years old,Male,Male,White or Caucasian,White or Caucasian,Associates or technical degree,North America,Yes,No,forest,0,1,0,1,1,6,forest,forest,0,2,1,Yes,Yes
48,R_C3IlEpyazR71BCN,Loss,humans_loss,Proposal A,2: Preference for Proposal A,2,Proposition A Insurance,25 - 34 years old,25 - 34 years old,Male,Male,White or Caucasian,White or Caucasian,Associates or technical degree,North America,Yes,No,humans,0,1,0,1,2,6,humans,humans,2,1,0,Yes,Yes
49,R_21hLoybmI8jdgil,Gain,forest_gain,Proposal A,4: No Preference for Proposal A or B,4,a insurance,25 - 34 years old,25 - 34 years old,Male,Male,White or Caucasian,White or Caucasian,Bachelor's degree,North America,Yes,No,forest,0,1,1,0,1,4,forest,forest,0,2,1,Yes,Yes
50,R_3qOFWUr60m9KJmX,Gain,animals_gain,Proposal A,4: No Preference for Proposal A or B,4,a insurance,25 - 34 years old,25 - 34 years old,Male,Male,White or Caucasian,White or Caucasian,Bachelor's degree,North America,Yes,No,animals,0,1,1,0,0,4,animals,animals,1,0,2,Yes,Yes
51,R_UKfTzLjBP6Eef73,Loss,forest_loss,Proposal B,7: Strong Preference for Proposal B,7,Better believe it than believe it.,35 - 44 years old,35+,Male,Male,White or Caucasian,White or Caucasian,Bachelor's degree,North America,Yes,No,forest,1,0,0,1,1,1,forest,forest,0,2,1,Yes,Yes
52,R_3McBb5a7BEZH7r7,Loss,animals_loss,Proposal B,7: Strong Preference for Proposal B,7,https://lse.eu.qualtrics.com/jfe/form/SV_brLsIIwq9gdB6SO,25 - 34 years old,25 - 34 years old,Female,Female,White or Caucasian,White or Caucasian,"Graduate or professional degree (MA, MS, MBA, PHd, JD, MD, etc.)",North America,Yes,Yes,animals,1,0,0,1,0,1,animals,animals,1,0,2,Yes,Yes
53,R_1jHPMr958iwrKWk,Gain,humans_gain,Proposal A,3: Slight Preference for Propsal A,3,,35 - 44 years old,35+,Male,Male,White or Caucasian,White or Caucasian,"Graduate or professional degree (MA, MS, MBA, PHd, JD, MD, etc.)",North America,No,No,humans,0,1,1,0,2,5,humans,humans,2,1,0,No,No
56,R_vuboPvGR1aCQ2Gd,Gain,forest_gain,Proposal A,3: Slight Preference for Propsal A,3,no,45 - 54 years old,35+,Non-binary / third gender,Other / Prefer not to say,Black/African/Caribbean,Black/African/Caribbean,Bachelor's degree,Europe,No,Yes,forest,0,1,1,0,1,5,forest,forest,0,2,1,No,No
58,R_2wzyn2j2fHiS98W,Loss,forest_loss,Proposal A,1: Strong Preference for Proposal A,1,good,35 - 44 years old,35+,Female,Female,Black/African/Caribbean,Black/African/Caribbean,Completed high school / secondary school,Europe,No,Yes,forest,0,1,0,1,1,7,forest,forest,0,2,1,No,No
59,R_1jvT1o3ejFswDZa,Gain,animals_gain,Proposal B,7: Strong Preference for Proposal B,7,,18 - 24 years old,18 - 24 years old,Female,Female,White or Caucasian,White or Caucasian,Bachelor's degree,North America,Yes,Yes,animals,1,0,1,0,0,1,animals,animals,1,0,2,Yes,Yes
60,R_2wLdljd7J0G61zK,Loss,animals_loss,Proposal B,5: Slight Preference for Proposal B,5,"Plan A is death, Plan B is possible survival, since it is possible, why not try Plan B",25 - 34 years old,25 - 34 years old,Male,Male,White or Caucasian,White or Caucasian,Bachelor's degree,Europe,No,No,animals,1,0,0,1,0,3,animals,animals,1,0,2,No,No
61,R_3siteL17f7B7sUH,Loss,humans_loss,Proposal A,2: Preference for Proposal A,2,It fits my idea,25 - 34 years old,25 - 34 years old,Female,Female,White or Caucasian,White or Caucasian,Bachelor's degree,Asia,Yes,Yes,humans,0,1,0,1,2,6,humans,humans,2,1,0,Yes,Yes
63,R_3F27J66mes4aCfT,Gain,animals_gain,Proposal A,3: Slight Preference for Propsal A,3,"Wouldn't want to be responsible for the loss of all life, doing your best to save what is possible seems to be the best option.",25 - 34 years old,25 - 34 years old,Female,Female,White or Caucasian,White or Caucasian,"Graduate or professional degree (MA, MS, MBA, PHd, JD, MD, etc.)",Europe,No,Yes,animals,0,1,1,0,0,5,animals,animals,1,0,2,No,No
69,R_VL0gv7ben4GCA9j,Gain,forest_gain,Proposal A,2: Preference for Proposal A,2,"Neither sound great, but at least A is guaranteed to protect some.",25 - 34 years old,25 - 34 years old,Female,Female,White or Caucasian,White or Caucasian,Completed high school / secondary school,Other / Not Provided,No,No,forest,0,1,1,0,1,6,forest,forest,0,2,1,No,No
78,R_6fjgKifM8fq64bT,Loss,animals_loss,Proposal A,1: Strong Preference for Proposal A,1,I wouldnt want to risk loosing all of the animals. Saving at least 300 is good enough for me,18 - 24 years old,18 - 24 years old,Female,Female,White or Caucasian,White or Caucasian,Completed high school / secondary school,Europe,No,Yes,animals,0,1,0,1,0,7,animals,animals,1,0,2,No,No
80,R_Aole93GlI4WDiMN,Loss,forest_loss,Proposal A,2: Preference for Proposal A,2,"Satisfied at the moment, I also really want not a single tree to be cut down, but no matter what I try, if I don’t succeed, then 900 trees will be cut down, so I prefer plan A",25 - 34 years old,25 - 34 years old,Male,Male,White or Caucasian,White or Caucasian,Completed high school / secondary school,North America,No,No,forest,0,1,0,1,1,6,forest,forest,0,2,1,No,No
81,R_w5z8C4OvI3FbZ4Z,Gain,humans_gain,Proposal A,3: Slight Preference for Propsal A,3,More solid chance of survival ,18 - 24 years old,18 - 24 years old,Male,Male,White or Caucasian,White or Caucasian,Bachelor's degree,Europe,No,Yes,humans,0,1,1,0,2,5,humans,humans,2,1,0,No,No
82,R_2t5Npl2gFjvcawG,Gain,animals_gain,Proposal A,3: Slight Preference for Propsal A,3,"2/3 is a lot of chance to have none saved, so sure chance to have 300 saved looks more ethical",25 - 34 years old,25 - 34 years old,Male,Male,White or Caucasian,White or Caucasian,"Graduate or professional degree (MA, MS, MBA, PHd, JD, MD, etc.)",Europe,No,Yes,animals,0,1,1,0,0,5,animals,animals,1,0,2,No,No
83,R_2tzhcIWTzSKmP6m,Loss,humans_loss,Proposal B,7: Strong Preference for Proposal B,7,Y,25 - 34 years old,25 - 34 years old,Male,Male,White or Caucasian,White or Caucasian,Bachelor's degree,North America,No,Yes,humans,1,0,0,1,2,1,humans,humans,2,1,0,No,No
84,R_3qkFYtd7bQ5xM1o,Loss,forest_loss,Proposal A,2: Preference for Proposal A,2,,18 - 24 years old,18 - 24 years old,Male,Male,Asian,Asian,"Graduate or professional degree (MA, MS, MBA, PHd, JD, MD, etc.)",Asia,No,Yes,forest,0,1,0,1,1,6,forest,forest,0,2,1,No,No
85,R_1Q57S8lDbWeNJKE,Gain,forest_gain,Proposal A,2: Preference for Proposal A,2,na,35 - 44 years old,35+,Female,Female,White or Caucasian,White or Caucasian,Bachelor's degree,North America,No,No,forest,0,1,1,0,1,6,forest,forest,0,2,1,No,No
86,R_1CstPlB3Z1vMG63,Gain,forest_gain,Proposal A,2: Preference for Proposal A,2,A sounds better.,25 - 34 years old,25 - 34 years old,Female,Female,Asian,Asian,Bachelor's degree,Asia,No,Yes,forest,0,1,1,0,1,6,forest,forest,0,2,1,No,No
87,R_d7mPnKpc7wwIT9n,Loss,animals_loss,Proposal A,3: Slight Preference for Propsal A,3,preference for proposal,35 - 44 years old,35+,Male,Male,Asian,Asian,"Graduate or professional degree (MA, MS, MBA, PHd, JD, MD, etc.)",Asia,No,Yes,animals,0,1,0,1,0,5,animals,animals,1,0,2,No,No
88,R_2XhXLOpVuIAfcBb,Loss,forest_loss,Proposal A,3: Slight Preference for Propsal A,3,Plan A can ensure at least 300 trees to live.,25 - 34 years old,25 - 34 years old,Female,Female,Asian,Asian,"Graduate or professional degree (MA, MS, MBA, PHd, JD, MD, etc.)",Europe,No,Yes,forest,0,1,0,1,1,5,forest,forest,0,2,1,No,No
89,R_1fjERxd2JrHUBDf,Loss,animals_loss,Proposal B,6: Preference for Proposal B,6,risk seeking for loss,25 - 34 years old,25 - 34 years old,Female,Female,Asian,Asian,"Graduate or professional degree (MA, MS, MBA, PHd, JD, MD, etc.)",Europe,No,Yes,animals,1,0,0,1,0,2,animals,animals,1,0,2,No,No
90,R_1eJZ6jpInzjSCo0,Gain,humans_gain,Proposal A,3: Slight Preference for Propsal A,3,A can ensure at least 300 people to alive,25 - 34 years old,25 - 34 years old,Female,Female,Asian,Asian,"Graduate or professional degree (MA, MS, MBA, PHd, JD, MD, etc.)",Asia,No,Yes,humans,0,1,1,0,2,5,humans,humans,2,1,0,No,No
93,R_2aQs2YHHJGGOyiu,Loss,humans_loss,Proposal B,6: Preference for Proposal B,6,概率的生还，是值得去拼搏的,25 - 34 years old,25 - 34 years old,Male,Male,Asian,Asian,Bachelor's degree,Asia,Yes,No,humans,1,0,0,1,2,2,humans,humans,2,1,0,Yes,Yes
94,R_PA5hvxWWipvv9x7,Loss,humans_loss,Proposal A,1: Strong Preference for Proposal A,1,"I can't make the decision of death for others, but I should be stable to let more people live",25 - 34 years old,25 - 34 years old,Female,Female,White or Caucasian,White or Caucasian,Associates or technical degree,North America,Yes,No,humans,0,1,0,1,2,7,humans,humans,2,1,0,Yes,Yes
95,R_1GyjIFynyizrR5l,Loss,animals_loss,Proposal A,3: Slight Preference for Propsal A,3,"Minimizing the mortality of Marine organisms is A good plan to maintain the ecology. If B is chosen, there will be a greater probability of causing the death of more Marine organisms, which is obvious, so I choose A",35 - 44 years old,35+,Male,Male,White or Caucasian,White or Caucasian,Associates or technical degree,North America,No,No,animals,0,1,0,1,0,5,animals,animals,1,0,2,No,No
96,R_3jeWLyRoasEV4Lm,Gain,animals_gain,Proposal B,6: Preference for Proposal B,6,Proposal B more animals will be safe,18 - 24 years old,18 - 24 years old,Male,Male,Black/African/Caribbean,Black/African/Caribbean,Bachelor's degree,North America,No,Yes,animals,1,0,1,0,0,2,animals,animals,1,0,2,No,No
97,R_2hS1UF0dRoJuyT7,Loss,animals_loss,Proposal A,2: Preference for Proposal A,2,Many animals will be saved than B,25 - 34 years old,25 - 34 years old,Male,Male,Prefer not to say,Not Provided/Other,Associates or technical degree,Europe,No,No,animals,0,1,0,1,0,6,animals,animals,1,0,2,No,No
98,R_eS5rjABSzu2MSRP,Loss,forest_loss,Proposal B,5: Slight Preference for Proposal B,5,Slight outcome of less treees being logged,18 - 24 years old,18 - 24 years old,Female,Female,White or Caucasian,White or Caucasian,"Graduate or professional degree (MA, MS, MBA, PHd, JD, MD, etc.)",Europe,No,Yes,forest,1,0,0,1,1,3,forest,forest,0,2,1,No,No
99,R_1jThMvGOaPsmKh8,Gain,forest_gain,Proposal A,1: Strong Preference for Proposal A,1,Being utterly sure thay the trees will be preserved,25 - 34 years old,25 - 34 years old,Female,Female,Black/African/Caribbean,Black/African/Caribbean,"Graduate or professional degree (MA, MS, MBA, PHd, JD, MD, etc.)",Europe,No,Yes,forest,0,1,1,0,1,7,forest,forest,0,2,1,No,No
100,R_1FfDJHDMW1HyDAJ,Loss,humans_loss,Proposal B,5: Slight Preference for Proposal B,5,at least people still have a chance to survive,25 - 34 years old,25 - 34 years old,Female,Female,Asian,Asian,"Graduate or professional degree (MA, MS, MBA, PHd, JD, MD, etc.)",Asia,No,Yes,humans,1,0,0,1,2,3,humans,humans,2,1,0,No,No
101,R_0xlEfSFhuktq8k9,Gain,animals_gain,Proposal A,2: Preference for Proposal A,2,Better to save 300 than none at all,35 - 44 years old,35+,Female,Female,White or Caucasian,White or Caucasian,"Graduate or professional degree (MA, MS, MBA, PHd, JD, MD, etc.)",Other / Not Provided,No,Yes,animals,0,1,1,0,0,6,animals,animals,1,0,2,No,No
102,R_3MPBC0Rjv0fEcSk,Gain,humans_gain,Proposal A,2: Preference for Proposal A,2,Plan A guarantees a third of the survivors,35 - 44 years old,35+,Male,Male,White or Caucasian,White or Caucasian,"Graduate or professional degree (MA, MS, MBA, PHd, JD, MD, etc.)",North America,Yes,No,humans,0,1,1,0,2,6,humans,humans,2,1,0,Yes,Yes
104,R_10T9Z2fjOg0IFMO,Loss,forest_loss,Proposal A,1: Strong Preference for Proposal A,1,Because we still have to leave some trees for them to grow.,25 - 34 years old,25 - 34 years old,Female,Female,Asian,Asian,Associates or technical degree,North America,Yes,No,forest,0,1,0,1,1,7,forest,forest,0,2,1,Yes,Yes
106,R_3PYzBiq8hsa4ZGx,Loss,animals_loss,Proposal B,6: Preference for Proposal B,6,none,35 - 44 years old,35+,Male,Male,Black/African/Caribbean,Black/African/Caribbean,"Graduate or professional degree (MA, MS, MBA, PHd, JD, MD, etc.)",North America,Yes,Yes,animals,1,0,0,1,0,2,animals,animals,1,0,2,Yes,Yes
107,R_1zucqQ9Tg9JbBW9,Loss,humans_loss,Proposal A,3: Slight Preference for Propsal A,3,The risks of Plan B are large and unbearable,35 - 44 years old,35+,Male,Male,White or Caucasian,White or Caucasian,Bachelor's degree,North America,Yes,No,humans,0,1,0,1,2,5,humans,humans,2,1,0,Yes,Yes
108,R_12GuOUXGXkRDMQI,Gain,animals_gain,Proposal A,2: Preference for Proposal A,2,,25 - 34 years old,25 - 34 years old,Male,Male,White or Caucasian,White or Caucasian,Bachelor's degree,North America,Yes,No,animals,0,1,1,0,0,6,animals,animals,1,0,2,Yes,Yes
111,R_2SqRr4Ik7Xt180F,Gain,humans_gain,Proposal A,2: Preference for Proposal A,2,"Because there is only a 1% chance of choosing b, although only 300 people in A can still plant trees",18 - 24 years old,18 - 24 years old,Male,Male,White or Caucasian,White or Caucasian,Associates or technical degree,North America,Yes,No,humans,0,1,1,0,2,6,humans,humans,2,1,0,Yes,Yes
112,R_2EB4Tgvzsa5wMDH,Gain,forest_gain,Proposal A,1: Strong Preference for Proposal A,1,absence,25 - 34 years old,25 - 34 years old,Female,Female,Black/African/Caribbean,Black/African/Caribbean,Completed high school / secondary school,North America,No,No,forest,0,1,1,0,1,7,forest,forest,0,2,1,No,No
113,R_OwiKJtRbkM2WaY1,Gain,forest_gain,Proposal B,6: Preference for Proposal B,6,my use feel,35 - 44 years old,35+,Female,Female,White or Caucasian,White or Caucasian,Associates or technical degree,North America,Yes,No,forest,1,0,1,0,1,2,forest,forest,0,2,1,Yes,Yes
114,R_1gnCwFEmIOM8IJx,Gain,humans_gain,Proposal A,4: No Preference for Proposal A or B,4,It feels the same.,18 - 24 years old,18 - 24 years old,Female,Female,White or Caucasian,White or Caucasian,Completed high school / secondary school,North America,No,No,humans,0,1,1,0,2,4,humans,humans,2,1,0,No,No
116,R_1pEcaHA7tW3qK4Q,Gain,animals_gain,Proposal B,6: Preference for Proposal B,6,Hopefully more animals will survive,25 - 34 years old,25 - 34 years old,Male,Male,White or Caucasian,White or Caucasian,"Graduate or professional degree (MA, MS, MBA, PHd, JD, MD, etc.)",North America,Yes,No,animals,1,0,1,0,0,2,animals,animals,1,0,2,Yes,Yes
117,R_WfhjAfmyx5KpXMZ,Loss,forest_loss,Proposal A,2: Preference for Proposal A,2,,35 - 44 years old,35+,Male,Male,White or Caucasian,White or Caucasian,Associates or technical degree,North America,Yes,No,forest,0,1,0,1,1,6,forest,forest,0,2,1,Yes,Yes
121,R_3dYBRsnR4sMWKqA,Gain,humans_gain,Proposal A,1: Strong Preference for Proposal A,1,Survival rate is higher than B,18 - 24 years old,18 - 24 years old,Female,Female,Black/African/Caribbean,Black/African/Caribbean,Completed high school / secondary school,Europe,Yes,Yes,humans,0,1,1,0,2,7,humans,humans,2,1,0,Yes,Yes
122,R_1CgueOjgTYGxOkq,Gain,forest_gain,Proposal A,3: Slight Preference for Propsal A,3,NO,25 - 34 years old,25 - 34 years old,Male,Male,White or Caucasian,White or Caucasian,Associates or technical degree,Other / Not Provided,Yes,Yes,forest,0,1,1,0,1,5,forest,forest,0,2,1,Yes,Yes
123,R_2y2a7kh1IGUV8M3,Loss,animals_loss,Proposal A,2: Preference for Proposal A,2,Many will survive,25 - 34 years old,25 - 34 years old,Female,Female,White or Caucasian,White or Caucasian,Bachelor's degree,Europe,Yes,No,animals,0,1,0,1,0,6,animals,animals,1,0,2,Yes,Yes
124,R_3kGQIbfu9gB5AUa,Gain,forest_gain,Proposal A,3: Slight Preference for Propsal A,3,At least 300 trees can be kept to avoid it.,25 - 34 years old,25 - 34 years old,Female,Female,White or Caucasian,White or Caucasian,Bachelor's degree,North America,No,No,forest,0,1,1,0,1,5,forest,forest,0,2,1,No,No
128,R_yqGQtJCNm7Kybi9,Loss,animals_loss,Proposal B,5: Slight Preference for Proposal B,5,emm,25 - 34 years old,25 - 34 years old,Female,Female,White or Caucasian,White or Caucasian,Bachelor's degree,North America,Yes,No,animals,1,0,0,1,0,3,animals,animals,1,0,2,Yes,Yes
129,R_2QuDRxDflkfBBeT,Gain,forest_gain,Proposal A,2: Preference for Proposal A,2,Option A ensures that at least 300 trees are protected. This scheme provides a definitive solution that ensures the preservation of a portion of the trees,25 - 34 years old,25 - 34 years old,Male,Male,White or Caucasian,White or Caucasian,Associates or technical degree,North America,No,No,forest,0,1,1,0,1,6,forest,forest,0,2,1,No,No
130,R_1mW6PdwEs8r1TXv,Gain,animals_gain,Proposal B,6: Preference for Proposal B,6,Oil spill is related to the industrial chain.,18 - 24 years old,18 - 24 years old,Prefer not to say,Other / Prefer not to say,White or Caucasian,White or Caucasian,Completed high school / secondary school,North America,No,Yes,animals,1,0,1,0,0,2,animals,animals,1,0,2,No,No
131,R_2y4asQP1DyBe3XH,Loss,humans_loss,Proposal A,2: Preference for Proposal A,2,,25 - 34 years old,25 - 34 years old,Female,Female,Asian,Asian,Completed high school / secondary school,North America,No,No,humans,0,1,0,1,2,6,humans,humans,2,1,0,No,No
132,R_2VqACMPK4Bnb4KE,Loss,humans_loss,Proposal A,2: Preference for Proposal A,2,,25 - 34 years old,25 - 34 years old,Female,Female,Black/African/Caribbean,Black/African/Caribbean,Completed high school / secondary school,North America,No,No,humans,0,1,0,1,2,6,humans,humans,2,1,0,No,No
133,R_2xIY3JPtjjpm9Ra,Gain,animals_gain,Proposal A,2: Preference for Proposal A,2,,25 - 34 years old,25 - 34 years old,Female,Female,Black/African/Caribbean,Black/African/Caribbean,Completed high school / secondary school,North America,No,No,animals,0,1,1,0,0,6,animals,animals,1,0,2,No,No
134,R_CZBz9kbilBkv6uZ,Loss,animals_loss,Proposal B,7: Strong Preference for Proposal B,7,For sure save the marine animals,25 - 34 years old,25 - 34 years old,Female,Female,Asian,Asian,"Graduate or professional degree (MA, MS, MBA, PHd, JD, MD, etc.)",Asia,Yes,Yes,animals,1,0,0,1,0,1,animals,animals,1,0,2,Yes,Yes
135,R_6XMOLr0Pn3rvyut,Loss,forest_loss,Proposal A,1: Strong Preference for Proposal A,1,,55 - 64 years old,35+,Male,Male,White or Caucasian,White or Caucasian,Bachelor's degree,North America,Yes,Yes,forest,0,1,0,1,1,7,forest,forest,0,2,1,Yes,Yes
136,R_31Eqja5qDmGpSwG,Loss,forest_loss,Proposal A,2: Preference for Proposal A,2,Option B is more likely to have more trees cut down.,25 - 34 years old,25 - 34 years old,Male,Male,White or Caucasian,White or Caucasian,Bachelor's degree,North America,No,No,forest,0,1,0,1,1,6,forest,forest,0,2,1,No,No
138,R_1P1QGQoH6XtiELA,Loss,humans_loss,Proposal A,2: Preference for Proposal A,2,Scheme A has a high probability and the least danger.,25 - 34 years old,25 - 34 years old,Male,Male,White or Caucasian,White or Caucasian,Completed high school / secondary school,North America,Yes,No,humans,0,1,0,1,2,6,humans,humans,2,1,0,Yes,Yes
139,R_1N52OX2C7i83OIG,Gain,animals_gain,Proposal A,4: No Preference for Proposal A or B,4,,25 - 34 years old,25 - 34 years old,Male,Male,Asian,Asian,Associates or technical degree,North America,Yes,No,animals,0,1,1,0,0,4,animals,animals,1,0,2,Yes,Yes
140,R_ZenOyJ5ZgEHMk25,Loss,animals_loss,Proposal A,2: Preference for Proposal A,2,,25 - 34 years old,25 - 34 years old,Male,Male,White or Caucasian,White or Caucasian,Bachelor's degree,North America,Yes,No,animals,0,1,0,1,0,6,animals,animals,1,0,2,Yes,Yes
141,R_2bZ497hcowQpXl8,Gain,humans_gain,Proposal B,6: Preference for Proposal B,6,Most hopeful,18 - 24 years old,18 - 24 years old,Male,Male,White or Caucasian,White or Caucasian,Bachelor's degree,North America,Yes,No,humans,1,0,1,0,2,2,humans,humans,2,1,0,Yes,Yes
142,R_3Mfyf4ndn2XBnBY,Gain,humans_gain,Proposal B,6: Preference for Proposal B,6,Most hopeful,25 - 34 years old,25 - 34 years old,Male,Male,White or Caucasian,White or Caucasian,"Graduate or professional degree (MA, MS, MBA, PHd, JD, MD, etc.)",North America,Yes,No,humans,1,0,1,0,2,2,humans,humans,2,1,0,Yes,Yes
143,R_3ixtW3JpdYVCFJC,Loss,forest_loss,Proposal B,5: Slight Preference for Proposal B,5,"I chose option B, because there is still some chance that none of the trees will be cleared. But it is a slight preference due to the risk of clearing even more trees than in option A.",25 - 34 years old,25 - 34 years old,Female,Female,White or Caucasian,White or Caucasian,"Graduate or professional degree (MA, MS, MBA, PHd, JD, MD, etc.)",Europe,No,Yes,forest,1,0,0,1,1,3,forest,forest,0,2,1,No,No
144,R_1qVCaJSNGJxL5LZ,Loss,humans_loss,Proposal A,2: Preference for Proposal A,2,,25 - 34 years old,25 - 34 years old,Female,Female,Asian,Asian,Completed high school / secondary school,Other / Not Provided,Yes,No,humans,0,1,0,1,2,6,humans,humans,2,1,0,Yes,Yes
145,R_Xu0gnzx1k0HzdxT,Gain,forest_gain,Proposal A,3: Slight Preference for Propsal A,3,More chance of no trees with option B,25 - 34 years old,25 - 34 years old,Female,Female,White or Caucasian,White or Caucasian,"Graduate or professional degree (MA, MS, MBA, PHd, JD, MD, etc.)",Europe,Yes,No,forest,0,1,1,0,1,5,forest,forest,0,2,1,Yes,Yes
146,R_1FEsUL1IRe6ua3r,Loss,humans_loss,Proposal A,3: Slight Preference for Propsal A,3,At least there is a guarantee of saving 300 lives,35 - 44 years old,35+,Female,Female,White or Caucasian,White or Caucasian,"Graduate or professional degree (MA, MS, MBA, PHd, JD, MD, etc.)",Europe,No,Yes,humans,0,1,0,1,2,5,humans,humans,2,1,0,No,No
147,R_1i4Daf2Q3NnHOOM,Gain,forest_gain,Proposal A,1: Strong Preference for Proposal A,1,h,25 - 34 years old,25 - 34 years old,Male,Male,White or Caucasian,White or Caucasian,Bachelor's degree,North America,No,No,forest,0,1,1,0,1,7,forest,forest,0,2,1,No,No
149,R_8rg1iUsAZgVMQKZ,Loss,animals_loss,Proposal B,5: Slight Preference for Proposal B,5,"Hard to say, but I would say that I prefer a choice with some probability. ",18 - 24 years old,18 - 24 years old,Female,Female,Asian,Asian,Bachelor's degree,Asia,Yes,Yes,animals,1,0,0,1,0,3,animals,animals,1,0,2,Yes,Yes
150,R_ONcUUlAo4wqVDFv,Gain,humans_gain,Proposal A,2: Preference for Proposal A,2,"While Option B offers a chance that all 900 people will survive, it also introduces a higher risk with a 2/3 probability that no one will survive. Given the gravity of the situation and the potential for 900 premature deaths over the next year due to respiratory illness, it is crucial to prioritize a more certain and guaranteed outcome.",25 - 34 years old,25 - 34 years old,Male,Male,Asian,Asian,Bachelor's degree,Asia,No,Yes,humans,0,1,1,0,2,6,humans,humans,2,1,0,No,No
151,R_2Ybxb3ZqEdp5tG1,Gain,forest_gain,Proposal A,1: Strong Preference for Proposal A,1,There is a high chance that there are no trees saved in option B but A there is a definite 300 trees,18 - 24 years old,18 - 24 years old,Male,Male,White or Caucasian,White or Caucasian,Completed high school / secondary school,Europe,No,Yes,forest,0,1,1,0,1,7,forest,forest,0,2,1,No,No
152,R_0vbMvzhcHCb137r,Loss,animals_loss,Proposal B,5: Slight Preference for Proposal B,5,"If there's a chance that no one will be harmed, it is worth the try.",18 - 24 years old,18 - 24 years old,Female,Female,White or Caucasian,White or Caucasian,Completed high school / secondary school,Other / Not Provided,No,No,animals,1,0,0,1,0,3,animals,animals,1,0,2,No,No
153,R_2BlJqW7fGK3y2yw,Gain,animals_gain,Proposal A,2: Preference for Proposal A,2,An ecosystem with 300 marine animals remaining can at least potentially recover. ,18 - 24 years old,18 - 24 years old,Male,Male,White or Caucasian,White or Caucasian,Completed high school / secondary school,Europe,No,Yes,animals,0,1,1,0,0,6,animals,animals,1,0,2,No,No
155,R_31pjljHKuVTdZLD,Loss,humans_loss,Proposal A,1: Strong Preference for Proposal A,1,NONE,25 - 34 years old,25 - 34 years old,Female,Female,White or Caucasian,White or Caucasian,Associates or technical degree,North America,Yes,No,humans,0,1,0,1,2,7,humans,humans,2,1,0,Yes,Yes
156,R_Di4AWZb58dyJvmp,Gain,animals_gain,Proposal B,6: Preference for Proposal B,6,Rescue is a difficult and costly matter. I prefer to save more marine life when the opportunity and cost are roughly the same.,25 - 34 years old,25 - 34 years old,Male,Male,Asian,Asian,"Graduate or professional degree (MA, MS, MBA, PHd, JD, MD, etc.)",Europe,No,Yes,animals,1,0,1,0,0,2,animals,animals,1,0,2,No,No
157,R_1HkmXTcUuPd7nKo,Gain,humans_gain,Proposal A,1: Strong Preference for Proposal A,1,2/3rd probably of all 900 people dying is too high of a risk,25 - 34 years old,25 - 34 years old,Female,Female,White or Caucasian,White or Caucasian,Bachelor's degree,North America,No,No,humans,0,1,1,0,2,7,humans,humans,2,1,0,No,No
158,R_3MlCuJDLKlIaReL,Loss,animals_loss,Proposal A,4: No Preference for Proposal A or B,4,,25 - 34 years old,25 - 34 years old,Female,Female,Black/African/Caribbean,Black/African/Caribbean,Completed high school / secondary school,North America,Yes,No,animals,0,1,0,1,0,4,animals,animals,1,0,2,Yes,Yes
164,R_1JXvytTsruwFQVj,Loss,humans_loss,Proposal A,2: Preference for Proposal A,2,Consider the legitimacy of every citizen's life.,35 - 44 years old,35+,Male,Male,White or Caucasian,White or Caucasian,Bachelor's degree,North America,No,No,humans,0,1,0,1,2,6,humans,humans,2,1,0,No,No
165,R_293WrJ58Ej1BHBm,Gain,animals_gain,Proposal A,2: Preference for Proposal A,2,"Protecting Marine animals is part of our harmonious coexistence with the natural world. This not only helps to maintain our ecological environment, but also provides a beautiful and enjoyable nature experience.",25 - 34 years old,25 - 34 years old,Male,Male,White or Caucasian,White or Caucasian,Completed high school / secondary school,Europe,Yes,Yes,animals,0,1,1,0,0,6,animals,animals,1,0,2,Yes,Yes
170,R_31ioxS8vHENRDes,Gain,humans_gain,Proposal B,5: Slight Preference for Proposal B,5,"Plan A could ensure the survival of 300 people, while Plan B could result in the survival of all 900 people or none. Given the criticality of alleviating respiratory diseases and saving lives, Option B has the potential to save all 900 people",25 - 34 years old,25 - 34 years old,Male,Male,White or Caucasian,White or Caucasian,Associates or technical degree,North America,Yes,No,humans,1,0,1,0,2,3,humans,humans,2,1,0,Yes,Yes
172,R_3Lj0MfzAwZyxaky,Loss,animals_loss,Proposal A,3: Slight Preference for Propsal A,3,,25 - 34 years old,25 - 34 years old,Female,Female,White or Caucasian,White or Caucasian,Associates or technical degree,Other / Not Provided,Yes,No,animals,0,1,0,1,0,5,animals,animals,1,0,2,Yes,Yes
173,R_3MaI7epLV169ey3,Gain,animals_gain,Proposal A,2: Preference for Proposal A,2,,35 - 44 years old,35+,Male,Male,White or Caucasian,White or Caucasian,Bachelor's degree,North America,Yes,No,animals,0,1,1,0,0,6,animals,animals,1,0,2,Yes,Yes
175,R_21gPG9YhEr8H4fc,Gain,humans_gain,Proposal A,3: Slight Preference for Propsal A,3,keep someone alive,25 - 34 years old,25 - 34 years old,Female,Female,White or Caucasian,White or Caucasian,Bachelor's degree,Europe,No,No,humans,0,1,1,0,2,5,humans,humans,2,1,0,No,No
176,R_1KrnZvQJkq3AJWD,Loss,humans_loss,Proposal B,5: Slight Preference for Proposal B,5,The probability of the animal surviving,25 - 34 years old,25 - 34 years old,Male,Male,White or Caucasian,White or Caucasian,"Graduate or professional degree (MA, MS, MBA, PHd, JD, MD, etc.)",Europe,No,Yes,humans,1,0,0,1,2,3,humans,humans,2,1,0,No,No
177,R_2w0QenzVhepJCqQ,Gain,animals_gain,Proposal A,3: Slight Preference for Propsal A,3,I prefer the safe way,18 - 24 years old,18 - 24 years old,Female,Female,White or Caucasian,White or Caucasian,Bachelor's degree,Other / Not Provided,No,No,animals,0,1,1,0,0,5,animals,animals,1,0,2,No,No
179,R_31T9JVZ8sBFlKRv,Gain,humans_gain,Proposal B,5: Slight Preference for Proposal B,5,"Considering that people's lives and health are at stake, they might expect the government to take more determined and aggressive action to tackle air pollution. Option B may be able to meet the expectations of the public, showing the Government's great importance to the problem and its determination to take decisive action.",25 - 34 years old,25 - 34 years old,Male,Male,Black/African/Caribbean,Black/African/Caribbean,Bachelor's degree,North America,No,No,humans,1,0,1,0,2,3,humans,humans,2,1,0,No,No
182,R_2rIoO5rPey94ekV,Gain,animals_gain,Proposal A,3: Slight Preference for Propsal A,3,one-third less likely to survive,25 - 34 years old,25 - 34 years old,Female,Female,White or Caucasian,White or Caucasian,Bachelor's degree,Europe,No,Yes,animals,0,1,1,0,0,5,animals,animals,1,0,2,No,No
183,R_C1FgBbIeSkQ6ehr,Loss,animals_loss,Proposal A,2: Preference for Proposal A,2,there are animals alive,25 - 34 years old,25 - 34 years old,Female,Female,White or Caucasian,White or Caucasian,"Graduate or professional degree (MA, MS, MBA, PHd, JD, MD, etc.)",Europe,No,No,animals,0,1,0,1,0,6,animals,animals,1,0,2,No,No
184,R_2dASq6LqffbXfdd,Loss,forest_loss,Proposal B,5: Slight Preference for Proposal B,5,"One is that the trees are old trees, and twois the environment",25 - 34 years old,25 - 34 years old,Male,Male,White or Caucasian,White or Caucasian,Bachelor's degree,North America,No,Yes,forest,1,0,0,1,1,3,forest,forest,0,2,1,No,No
185,R_3kpMuMYfU3pl1ox,Loss,animals_loss,Proposal B,5: Slight Preference for Proposal B,5,"600 dying is a lot, so if there is a chance to save all of them, that seems like the better option. However, it is only a slight preference because there is a high chance that all of them will die.",18 - 24 years old,18 - 24 years old,Female,Female,White or Caucasian,White or Caucasian,Bachelor's degree,North America,No,Yes,animals,1,0,0,1,0,3,animals,animals,1,0,2,No,No
186,R_2WvuxGf0fsfVLa2,Gain,humans_gain,Proposal A,3: Slight Preference for Propsal A,3,"Stable and conservative,",18 - 24 years old,18 - 24 years old,Male,Male,White or Caucasian,White or Caucasian,Bachelor's degree,North America,Yes,No,humans,0,1,1,0,2,5,humans,humans,2,1,0,Yes,Yes
187,R_1OUzKcuJGQmAYcb,Loss,humans_loss,Proposal B,4: No Preference for Proposal A or B,4,"Stable and conservative,",18 - 24 years old,18 - 24 years old,Female,Female,White or Caucasian,White or Caucasian,Bachelor's degree,North America,Yes,No,humans,1,0,0,1,2,4,humans,humans,2,1,0,Yes,Yes
188,R_1P6iZd8F9AFB8ZJ,Gain,forest_gain,Proposal B,5: Slight Preference for Proposal B,5,"Stable and conservative,",25 - 34 years old,25 - 34 years old,Male,Male,White or Caucasian,White or Caucasian,Associates or technical degree,North America,Yes,No,forest,1,0,1,0,1,3,forest,forest,0,2,1,Yes,Yes
189,R_1M4E0ZYJ3vcV2ex,Gain,animals_gain,Proposal A,3: Slight Preference for Propsal A,3,"Stable and conservative,",18 - 24 years old,18 - 24 years old,Male,Male,White or Caucasian,White or Caucasian,Bachelor's degree,North America,Yes,Yes,animals,0,1,1,0,0,5,animals,animals,1,0,2,Yes,Yes
190,R_rd2TXkzzlFbd1Dz,Loss,forest_loss,Proposal A,3: Slight Preference for Propsal A,3,"Stable and conservative,",35 - 44 years old,35+,Male,Male,White or Caucasian,White or Caucasian,"Graduate or professional degree (MA, MS, MBA, PHd, JD, MD, etc.)",North America,Yes,No,forest,0,1,0,1,1,5,forest,forest,0,2,1,Yes,Yes
192,R_1laeE3To8Gd9qoP,Gain,humans_gain,Proposal A,3: Slight Preference for Propsal A,3,,25 - 34 years old,25 - 34 years old,Female,Female,White or Caucasian,White or Caucasian,Bachelor's degree,Other / Not Provided,Yes,Yes,humans,0,1,1,0,2,5,humans,humans,2,1,0,Yes,Yes
193,R_1rGFOXGi1wcliIp,Loss,humans_loss,Proposal A,3: Slight Preference for Propsal A,3,,18 - 24 years old,18 - 24 years old,Male,Male,White or Caucasian,White or Caucasian,Associates or technical degree,Other / Not Provided,Yes,Yes,humans,0,1,0,1,2,5,humans,humans,2,1,0,Yes,Yes
194,R_3MiFlzypkwP04Bm,Gain,forest_gain,Proposal A,3: Slight Preference for Propsal A,3,n,18 - 24 years old,18 - 24 years old,Female,Female,White or Caucasian,White or Caucasian,Associates or technical degree,Other / Not Provided,Yes,Yes,forest,0,1,1,0,1,5,forest,forest,0,2,1,Yes,Yes
198,R_0uEbVSgbM19iWGd,Loss,animals_loss,Proposal A,3: Slight Preference for Propsal A,3,,25 - 34 years old,25 - 34 years old,Female,Female,White or Caucasian,White or Caucasian,Completed high school / secondary school,Other / Not Provided,Yes,Yes,animals,0,1,0,1,0,5,animals,animals,1,0,2,Yes,Yes
199,R_3oRWJYfVTII4kM0,Gain,forest_gain,Proposal A,3: Slight Preference for Propsal A,3,no,25 - 34 years old,25 - 34 years old,Female,Female,White or Caucasian,White or Caucasian,Completed high school / secondary school,Other / Not Provided,Yes,Yes,forest,0,1,1,0,1,5,forest,forest,0,2,1,Yes,Yes
200,R_OHUSBj999Jljs0V,Gain,humans_gain,Proposal B,5: Slight Preference for Proposal B,5,,25 - 34 years old,25 - 34 years old,Male,Male,White or Caucasian,White or Caucasian,Completed high school / secondary school,Other / Not Provided,Yes,Yes,humans,1,0,1,0,2,3,humans,humans,2,1,0,Yes,Yes
201,R_333Z8bwmQDlryth,Gain,forest_gain,Proposal B,5: Slight Preference for Proposal B,5,Trees are more likely to be protected and can play a very good protective role,45 - 54 years old,35+,Male,Male,White or Caucasian,White or Caucasian,Bachelor's degree,North America,Yes,No,forest,1,0,1,0,1,3,forest,forest,0,2,1,Yes,Yes
202,R_3EhavE7gHPS7K1s,Gain,forest_gain,Proposal A,3: Slight Preference for Propsal A,3,Higher success rate,25 - 34 years old,25 - 34 years old,Male,Male,White or Caucasian,White or Caucasian,Associates or technical degree,North America,No,No,forest,0,1,1,0,1,5,forest,forest,0,2,1,No,No
203,R_C3mmQtTUCSlx4qt,Loss,forest_loss,Proposal A,3: Slight Preference for Propsal A,3,I think the success rate is higher,25 - 34 years old,25 - 34 years old,Female,Female,Asian,Asian,Associates or technical degree,North America,Yes,Yes,forest,0,1,0,1,1,5,forest,forest,0,2,1,Yes,Yes
204,R_d6eu00GMYny8mK5,Gain,animals_gain,Proposal A,3: Slight Preference for Propsal A,3,,18 - 24 years old,18 - 24 years old,Female,Female,Black/African/Caribbean,Black/African/Caribbean,Completed high school / secondary school,Other / Not Provided,Yes,Yes,animals,0,1,1,0,0,5,animals,animals,1,0,2,Yes,Yes
205,R_3nBlRXJkxbSmH1w,Loss,animals_loss,Proposal A,2: Preference for Proposal A,2,,18 - 24 years old,18 - 24 years old,Male,Male,White or Caucasian,White or Caucasian,Associates or technical degree,Other / Not Provided,Yes,Yes,animals,0,1,0,1,0,6,animals,animals,1,0,2,Yes,Yes
206,R_2E9THAaJT22fFp7,Loss,humans_loss,Proposal A,3: Slight Preference for Propsal A,3,,18 - 24 years old,18 - 24 years old,Male,Male,White or Caucasian,White or Caucasian,Completed high school / secondary school,Other / Not Provided,Yes,Yes,humans,0,1,0,1,2,5,humans,humans,2,1,0,Yes,Yes
207,R_50zXn92fkqNiQox,Gain,humans_gain,Proposal A,3: Slight Preference for Propsal A,3,,18 - 24 years old,18 - 24 years old,Female,Female,White or Caucasian,White or Caucasian,Associates or technical degree,Other / Not Provided,Yes,Yes,humans,0,1,1,0,2,5,humans,humans,2,1,0,Yes,Yes
211,R_2wvrHwDYlfrJoh1,Gain,forest_gain,Proposal A,1: Strong Preference for Proposal A,1,"No trees seems to be the nightmare scenario, and thus should be maximally avoided.",35 - 44 years old,35+,Male,Male,White or Caucasian,White or Caucasian,Bachelor's degree,North America,Yes,Yes,forest,0,1,1,0,1,7,forest,forest,0,2,1,Yes,Yes
212,R_3P7erlTHfFAEwFB,Loss,animals_loss,Proposal A,3: Slight Preference for Propsal A,3,,25 - 34 years old,25 - 34 years old,Male,Male,White or Caucasian,White or Caucasian,Associates or technical degree,Other / Not Provided,Yes,Yes,animals,0,1,0,1,0,5,animals,animals,1,0,2,Yes,Yes
213,R_1jd1DKbHGGvn44m,Loss,forest_loss,Proposal A,3: Slight Preference for Propsal A,3,,18 - 24 years old,18 - 24 years old,Male,Male,Asian,Asian,Associates or technical degree,Other / Not Provided,Yes,Yes,forest,0,1,0,1,1,5,forest,forest,0,2,1,Yes,Yes
214,R_3sBzlpMiQPbTjQT,Loss,humans_loss,Proposal A,3: Slight Preference for Propsal A,3,,18 - 24 years old,18 - 24 years old,Male,Male,White or Caucasian,White or Caucasian,Associates or technical degree,Other / Not Provided,Yes,Yes,humans,0,1,0,1,2,5,humans,humans,2,1,0,Yes,Yes
215,R_2X6S0S3Zn2rh7Rd,Loss,animals_loss,Proposal A,3: Slight Preference for Propsal A,3,,18 - 24 years old,18 - 24 years old,Male,Male,Black/African/Caribbean,Black/African/Caribbean,Bachelor's degree,Other / Not Provided,Yes,Yes,animals,0,1,0,1,0,5,animals,animals,1,0,2,Yes,Yes
216,R_3RswwMWtCGIGhJn,Loss,animals_loss,Proposal A,2: Preference for Proposal A,2,,25 - 34 years old,25 - 34 years old,Female,Female,White or Caucasian,White or Caucasian,Associates or technical degree,Other / Not Provided,Yes,Yes,animals,0,1,0,1,0,6,animals,animals,1,0,2,Yes,Yes
218,R_2ck00dmOU2jqPiF,Loss,forest_loss,Proposal A,2: Preference for Proposal A,2,"A sure answer, and the trees that remain can also regenerate",18 - 24 years old,18 - 24 years old,Female,Female,White or Caucasian,White or Caucasian,Bachelor's degree,North America,No,Yes,forest,0,1,0,1,1,6,forest,forest,0,2,1,No,No
219,R_1IbXFmLo5bhxMJ4,Loss,forest_loss,Proposal A,3: Slight Preference for Propsal A,3,,25 - 34 years old,25 - 34 years old,Female,Female,Black/African/Caribbean,Black/African/Caribbean,Bachelor's degree,Europe,No,No,forest,0,1,0,1,1,5,forest,forest,0,2,1,No,No
220,R_29blrbTaes7PujQ,Loss,humans_loss,Proposal B,5: Slight Preference for Proposal B,5,no,18 - 24 years old,18 - 24 years old,Male,Male,Black/African/Caribbean,Black/African/Caribbean,Associates or technical degree,North America,Yes,Yes,humans,1,0,0,1,2,3,humans,humans,2,1,0,Yes,Yes
221,R_3hg7hQviUzbxtdb,Gain,forest_gain,Proposal A,3: Slight Preference for Propsal A,3,no,25 - 34 years old,25 - 34 years old,Male,Male,Black/African/Caribbean,Black/African/Caribbean,Completed high school / secondary school,North America,Yes,No,forest,0,1,1,0,1,5,forest,forest,0,2,1,Yes,Yes
222,R_WxQPezvK34PMEkp,Loss,humans_loss,Proposal A,2: Preference for Proposal A,2,Reduce the number of deaths,25 - 34 years old,25 - 34 years old,Male,Male,White or Caucasian,White or Caucasian,Bachelor's degree,North America,Yes,No,humans,0,1,0,1,2,6,humans,humans,2,1,0,Yes,Yes
223,R_3ijVE0o1zOMprRV,Gain,forest_gain,Proposal A,2: Preference for Proposal A,2,Reduce the number of deaths,25 - 34 years old,25 - 34 years old,Male,Male,White or Caucasian,White or Caucasian,Bachelor's degree,North America,Yes,No,forest,0,1,1,0,1,6,forest,forest,0,2,1,Yes,Yes
224,R_2fj7sChIhFTBHwp,Loss,forest_loss,Proposal A,1: Strong Preference for Proposal A,1,Im strongly pro environmental orientated ,35 - 44 years old,35+,Female,Female,Other,Not Provided/Other,Bachelor's degree,Europe,No,Yes,forest,0,1,0,1,1,7,forest,forest,0,2,1,No,No
225,R_1GP8BXlT29ex4OO,Loss,animals_loss,Proposal B,6: Preference for Proposal B,6,80,25 - 34 years old,25 - 34 years old,Female,Female,Prefer not to say,Not Provided/Other,Bachelor's degree,Europe,No,Yes,animals,1,0,0,1,0,2,animals,animals,1,0,2,No,No
236,R_31R65YruyLSvt59,Loss,humans_loss,Proposal B,5: Slight Preference for Proposal B,5,To overcome the problems that endanger mankind and rise to the challenge,18 - 24 years old,18 - 24 years old,Female,Female,White or Caucasian,White or Caucasian,Bachelor's degree,North America,No,Yes,humans,1,0,0,1,2,3,humans,humans,2,1,0,No,No
237,R_1gqMDT5yOUjxaIa,Gain,humans_gain,Proposal B,6: Preference for Proposal B,6,"If a city's pollution problem is to be solved, it will still face death if it is not solved, I will adopt Plan B",55 - 64 years old,35+,Male,Male,Black/African/Caribbean,Black/African/Caribbean,Bachelor's degree,North America,Yes,No,humans,1,0,1,0,2,2,humans,humans,2,1,0,Yes,Yes
238,R_1mK2WJ2G1azYrg7,Gain,animals_gain,Proposal A,2: Preference for Proposal A,2,High risk of failure,25 - 34 years old,25 - 34 years old,Male,Male,White or Caucasian,White or Caucasian,Associates or technical degree,North America,No,No,animals,0,1,1,0,0,6,animals,animals,1,0,2,No,No
239,R_2EH8T5yZHWZCoLf,Loss,forest_loss,Proposal A,2: Preference for Proposal A,2,High extinction risk,25 - 34 years old,25 - 34 years old,Male,Male,White or Caucasian,White or Caucasian,Associates or technical degree,North America,Yes,No,forest,0,1,0,1,1,6,forest,forest,0,2,1,Yes,Yes
240,R_Cde7RYEFQdAx6hP,Gain,forest_gain,Proposal B,6: Preference for Proposal B,6,Stop cutting down trees and protect the ecology,55 - 64 years old,35+,Male,Male,Black/African/Caribbean,Black/African/Caribbean,Bachelor's degree,North America,Yes,No,forest,1,0,1,0,1,2,forest,forest,0,2,1,Yes,Yes
241,R_6fd9tsmwPyIysbT,Gain,animals_gain,Proposal A,3: Slight Preference for Propsal A,3,It's not a game. You can't re-choose,25 - 34 years old,25 - 34 years old,Male,Male,Asian,Asian,"Graduate or professional degree (MA, MS, MBA, PHd, JD, MD, etc.)",Europe,Yes,Yes,animals,0,1,1,0,0,5,animals,animals,1,0,2,Yes,Yes
242,R_2cCtVXePJFIA5lf,Gain,humans_gain,Proposal A,2: Preference for Proposal A,2,Because 300 of them must have survived.,25 - 34 years old,25 - 34 years old,Female,Female,White or Caucasian,White or Caucasian,Bachelor's degree,North America,Yes,No,humans,0,1,1,0,2,6,humans,humans,2,1,0,Yes,Yes
243,R_3hm8fz6HM9Lw5SH,Gain,humans_gain,Proposal A,2: Preference for Proposal A,2,not sure,25 - 34 years old,25 - 34 years old,Prefer to self-describe,Other / Prefer not to say,Asian,Asian,Bachelor's degree,Other / Not Provided,No,No,humans,0,1,1,0,2,6,humans,humans,2,1,0,No,No
244,R_2s585oyKetT2ac0,Loss,humans_loss,Proposal A,2: Preference for Proposal A,2,wu,25 - 34 years old,25 - 34 years old,Male,Male,White or Caucasian,White or Caucasian,Bachelor's degree,North America,Yes,No,humans,0,1,0,1,2,6,humans,humans,2,1,0,Yes,Yes
245,R_2fjKjRcMttjw7KD,Gain,forest_gain,Proposal A,2: Preference for Proposal A,2,"I do not like taking chances, and 300 trees is definitly better than having a preservation area be totally extinguished.",18 - 24 years old,18 - 24 years old,Prefer to self-describe,Other / Prefer not to say,White or Caucasian,White or Caucasian,Associates or technical degree,Other / Not Provided,No,Yes,forest,0,1,1,0,1,6,forest,forest,0,2,1,No,No
246,R_1ovbY5ShajGVi9o,Loss,animals_loss,Proposal A,3: Slight Preference for Propsal A,3,"I hate both choices, but at least with A there is certainty that some will survive",35 - 44 years old,35+,Female,Female,White or Caucasian,White or Caucasian,"Graduate or professional degree (MA, MS, MBA, PHd, JD, MD, etc.)",Europe,No,Yes,animals,0,1,0,1,0,5,animals,animals,1,0,2,No,No
247,R_1LU5BQ7or6DkZ9Z,Loss,humans_loss,Proposal A,4: No Preference for Proposal A or B,4,A more conservative proposal that prefers Proposition A would directly protect the number,18 - 24 years old,18 - 24 years old,Female,Female,Asian,Asian,"Graduate or professional degree (MA, MS, MBA, PHd, JD, MD, etc.)",North America,Yes,Yes,humans,0,1,0,1,2,4,humans,humans,2,1,0,Yes,Yes
249,R_abkjcxcufxdKlpv,Loss,animals_loss,Proposal B,6: Preference for Proposal B,6,"Personally, I prefer to be conservative",25 - 34 years old,25 - 34 years old,Female,Female,White or Caucasian,White or Caucasian,Bachelor's degree,North America,Yes,No,animals,1,0,0,1,0,2,animals,animals,1,0,2,Yes,Yes
250,R_d5vnphOspIjgf3r,Gain,animals_gain,Proposal B,6: Preference for Proposal B,6,I am willing take risk and try hard to do the greatest good,25 - 34 years old,25 - 34 years old,Female,Female,Asian,Asian,"Graduate or professional degree (MA, MS, MBA, PHd, JD, MD, etc.)",Europe,No,Yes,animals,1,0,1,0,0,2,animals,animals,1,0,2,No,No
251,R_rfJo8DPbJHl0kal,Loss,forest_loss,Proposal A,2: Preference for Proposal A,2,Not risk that 900 trees are gone,25 - 34 years old,25 - 34 years old,Female,Female,White or Caucasian,White or Caucasian,Bachelor's degree,Europe,No,Yes,forest,0,1,0,1,1,6,forest,forest,0,2,1,No,No
252,R_30o88IRxEvybg7E,Gain,animals_gain,Proposal A,2: Preference for Proposal A,2,"I feel that confirmed saving 300 animals is better than all or nothing situation, especially as it is more likely in proposal B that none will survive, I would rather save 300/900 over none",18 - 24 years old,18 - 24 years old,Female,Female,White or Caucasian,White or Caucasian,"Graduate or professional degree (MA, MS, MBA, PHd, JD, MD, etc.)",Europe,No,Yes,animals,0,1,1,0,0,6,animals,animals,1,0,2,No,No
253,R_sAW4Pwpgxshzs9H,Gain,humans_gain,Proposal A,1: Strong Preference for Proposal A,1,Many animals saved,25 - 34 years old,25 - 34 years old,Male,Male,Black/African/Caribbean,Black/African/Caribbean,Bachelor's degree,North America,Yes,No,humans,0,1,1,0,2,7,humans,humans,2,1,0,Yes,Yes
254,R_3DtBXlp5NiM2dA5,Gain,forest_gain,Proposal A,2: Preference for Proposal A,2,"Better not risk it, so I choose the safer option",18 - 24 years old,18 - 24 years old,Female,Female,White or Caucasian,White or Caucasian,Bachelor's degree,Europe,No,Yes,forest,0,1,1,0,1,6,forest,forest,0,2,1,No,No
256,R_2WYYEcCNcFSmCk2,Gain,forest_gain,Proposal A,1: Strong Preference for Proposal A,1,I believe that green cover should be protected at all costs,25 - 34 years old,25 - 34 years old,Male,Male,Black/African/Caribbean,Black/African/Caribbean,Bachelor's degree,Europe,No,Yes,forest,0,1,1,0,1,7,forest,forest,0,2,1,No,No
263,R_qPIxCrxSdJwB4Nr,Gain,animals_gain,Proposal B,7: Strong Preference for Proposal B,7,1/3 probability that all 900 marine animals can surviveOnly those with a high probability of survival can be selected,35 - 44 years old,35+,Female,Female,White or Caucasian,White or Caucasian,Associates or technical degree,North America,No,No,animals,1,0,1,0,0,1,animals,animals,1,0,2,No,No
273,R_31FM6IC6hEtuAia,Gain,humans_gain,Proposal A,2: Preference for Proposal A,2,"I don't know how to articulate this very well so hope it makes sense. If either option were repeated over and over across different civilizations, an average of 300 people per civilization would survive either way. So they feel like the same thing to me really, but just with more variability in the individual outcomes of option B. So I'd rather go with the stable option. Plus, if I actually ran this town, I would not want to entertain the possibility of nobody remaining - then the town is straight up gone. And I don't think it'd be a popular decision to roll the dice on the unlikely outcome that not everybody dies. That doesn't seem like a good leader decision.",25 - 34 years old,25 - 34 years old,Female,Female,White or Caucasian,White or Caucasian,"Graduate or professional degree (MA, MS, MBA, PHd, JD, MD, etc.)",North America,No,No,humans,0,1,1,0,2,6,humans,humans,2,1,0,No,No
274,R_tE8OQnrl4Yvqug9,Loss,forest_loss,Proposal A,3: Slight Preference for Propsal A,3,"I would prefer to some of the trees, there is a higher chance with proposal B that all trees will be destroyed",45 - 54 years old,35+,Female,Female,White or Caucasian,White or Caucasian,Bachelor's degree,Europe,No,Yes,forest,0,1,0,1,1,5,forest,forest,0,2,1,No,No
324,R_2atpyTHl7xnRShn,Loss,humans_loss,Proposal B,6: Preference for Proposal B,6,If successful no one will die,25 - 34 years old,25 - 34 years old,Male,Male,"White or Caucasian,Asian",Not Provided/Other,Completed high school / secondary school,North America,No,No,humans,1,0,0,1,2,2,humans,humans,2,1,0,No,No
325,R_1ou0XH0GWBOTZ0R,Gain,animals_gain,Proposal B,5: Slight Preference for Proposal B,5,"I´d like to be a ""cautious"" optimist when considering this, and I do mot want to think of inevitable death of animals.",25 - 34 years old,25 - 34 years old,Female,Female,White or Caucasian,White or Caucasian,Bachelor's degree,Europe,No,No,animals,1,0,1,0,0,3,animals,animals,1,0,2,No,No
329,R_2BznsbcQZRn2mHa,Loss,humans_loss,Proposal B,5: Slight Preference for Proposal B,5,There’s a chance no one will die ,25 - 34 years old,25 - 34 years old,Female,Female,Asian,Asian,"Graduate or professional degree (MA, MS, MBA, PHd, JD, MD, etc.)",North America,No,No,humans,1,0,0,1,2,3,humans,humans,2,1,0,No,No
333,R_3Hho9bz02e1v6PL,Gain,forest_gain,Proposal B,7: Strong Preference for Proposal B,7,保护的树多,25 - 34 years old,25 - 34 years old,Female,Female,White or Caucasian,White or Caucasian,Bachelor's degree,Asia,No,No,forest,1,0,1,0,1,1,forest,forest,0,2,1,No,No
337,R_1GAZ8gZUrMbdQZK,Gain,humans_gain,Proposal A,4: No Preference for Proposal A or B,4,Both options are detrimental.,25 - 34 years old,25 - 34 years old,Female,Female,White or Caucasian,White or Caucasian,"Graduate or professional degree (MA, MS, MBA, PHd, JD, MD, etc.)",Europe,No,No,humans,0,1,1,0,2,4,humans,humans,2,1,0,No,No
338,R_1nNK4MfZqayKCWr,Loss,animals_loss,Proposal A,3: Slight Preference for Propsal A,3,I feel like there is less than a chance that more animals will die,35 - 44 years old,35+,Female,Female,White or Caucasian,White or Caucasian,Bachelor's degree,North America,No,No,animals,0,1,0,1,0,5,animals,animals,1,0,2,No,No
339,R_2bZXLKenmnu7iw4,Gain,forest_gain,Proposal A,2: Preference for Proposal A,2,option A seems the most logical because we’re not playing with chances the same way we would if we chose option B,18 - 24 years old,18 - 24 years old,Female,Female,White or Caucasian,White or Caucasian,Completed high school / secondary school,Asia,Yes,Yes,forest,0,1,1,0,1,6,forest,forest,0,2,1,Yes,Yes
340,R_elBs97LrLcIYbUB,Loss,animals_loss,Proposal B,5: Slight Preference for Proposal B,5,Proposal B has a chance that all the animals will be saved (and 33% isn't necessarily impossible). ,18 - 24 years old,18 - 24 years old,Female,Female,White or Caucasian,White or Caucasian,Completed high school / secondary school,North America,No,Yes,animals,1,0,0,1,0,3,animals,animals,1,0,2,No,No
341,R_sclCGxrCeSHFhcJ,Gain,humans_gain,Proposal A,3: Slight Preference for Propsal A,3,2/3 is too much of a risk,18 - 24 years old,18 - 24 years old,Female,Female,Asian,Asian,Bachelor's degree,Asia,No,Yes,humans,0,1,1,0,2,5,humans,humans,2,1,0,No,No
342,R_3fB2DCgzKTT2mbg,Loss,forest_loss,Proposal A,2: Preference for Proposal A,2,"More important to have trees. Proposal A ensures that at least some trees will be conserved whereas Proposal B does not have a sure outcome that any trees will be saved (33% for all trees and 66% for no trees). If my job is to ensure that trees are conserved, I should go with what I know is a sure thing.",25 - 34 years old,25 - 34 years old,Female,Female,White or Caucasian,White or Caucasian,"Graduate or professional degree (MA, MS, MBA, PHd, JD, MD, etc.)",North America,Yes,Yes,forest,0,1,0,1,1,6,forest,forest,0,2,1,Yes,Yes
343,R_1AqFeOFzUfxsg1P,Loss,humans_loss,Proposal A,3: Slight Preference for Propsal A,3,Both choices suck but a 67% chance of everyone dying is way too risky,18 - 24 years old,18 - 24 years old,Male,Male,White or Caucasian,White or Caucasian,Completed high school / secondary school,Europe,No,Yes,humans,0,1,0,1,2,5,humans,humans,2,1,0,No,No
344,R_5dWAM1QghlUURhL,Gain,humans_gain,Proposal A,2: Preference for Proposal A,2,Potential to lose everyone with option B,45 - 54 years old,35+,Male,Male,White or Caucasian,White or Caucasian,Bachelor's degree,North America,No,No,humans,0,1,1,0,2,6,humans,humans,2,1,0,No,No
345,R_77BQgA9StONTl3r,Loss,animals_loss,Proposal B,5: Slight Preference for Proposal B,5,The 1/3 chance of total survival is better than a guaranteed 2/3 death rate.,25 - 34 years old,25 - 34 years old,Male,Male,White or Caucasian,White or Caucasian,Bachelor's degree,North America,No,No,animals,1,0,0,1,0,3,animals,animals,1,0,2,No,No
346,R_2q8JuwjPyYbfC74,Gain,animals_gain,Proposal A,1: Strong Preference for Proposal A,1,option B has a very high chance of no survival and saving some would be better than likely saving none.,18 - 24 years old,18 - 24 years old,Male,Male,Asian,Asian,Bachelor's degree,Europe,No,No,animals,0,1,1,0,0,7,animals,animals,1,0,2,No,No
347,R_31HQvAifrhUcS3z,Gain,forest_gain,Proposal A,4: No Preference for Proposal A or B,4,"With A you are on the safe side, though B has better potential payoff.",35 - 44 years old,35+,Male,Male,White or Caucasian,White or Caucasian,Associates or technical degree,Europe,No,No,forest,0,1,1,0,1,4,forest,forest,0,2,1,No,No
348,R_1jwtUBz1pnspTwu,Loss,forest_loss,Proposal A,4: No Preference for Proposal A or B,4,same expected value,25 - 34 years old,25 - 34 years old,Male,Male,White or Caucasian,White or Caucasian,Bachelor's degree,Europe,No,No,forest,0,1,0,1,1,4,forest,forest,0,2,1,No,No
349,R_DdiAXLsg1mTwJfX,Gain,humans_gain,Proposal B,5: Slight Preference for Proposal B,5,Because you hopefully save 600 more which is double 300,18 - 24 years old,18 - 24 years old,Female,Female,White or Caucasian,White or Caucasian,Bachelor's degree,Europe,No,Yes,humans,1,0,1,0,2,3,humans,humans,2,1,0,No,No
350,R_1YV1m7FDQGp7aUN,Gain,animals_gain,Proposal A,1: Strong Preference for Proposal A,1,,25 - 34 years old,25 - 34 years old,Male,Male,White or Caucasian,White or Caucasian,Bachelor's degree,Europe,Yes,No,animals,0,1,1,0,0,7,animals,animals,1,0,2,Yes,Yes
